2025-11-25_13-41-33,0,draft.py:2025-11-25_13-41-33
2025-11-25_13-49-48,0,draft.py:2025-11-25_13-49-48
2025-11-25_14-05-26,0,draft.py:2025-11-25_14-05-26
2025-11-25_14-05-35,0,draft.py:2025-11-25_14-05-26
2025-11-25_14-05-36,0,draft.py:2025-11-25_14-05-26
2025-11-25_14-06-01,0,draft.py:2025-11-25_14-05-26
2025-11-25_14-21-15,0,draft.py:2025-11-25_14-21-15
2025-11-26_13-21-17,0,draft.py:2025-11-26_13-21-17
2025-11-26_13-31-00,0,draft.py:2025-11-26_13-31-00
2025-11-26_13-50-19,0,draft.py:2025-11-26_13-50-19
